LSTM,CNN_LSTM,REAL_VALUE
692.14746,689.3102,693.85
691.36444,687.6789,693.4
689.805,686.99023,692.75
689.1678,686.45575,693.75
689.60236,687.0841,693.75
689.96216,687.2669,694.3
690.2974,687.6438,694.6
690.8438,687.90594,694.3
690.9056,687.7469,694.7
690.8556,687.9687,694.45
690.80804,687.8518,693.95
690.3651,687.48846,695.05
690.6262,688.1578,695.1
691.2111,688.34296,695.5
691.51,688.65106,694.4
691.017,687.92163,696.15
691.5247,688.97375,703.1
696.1388,694.0121,698.2
696.78674,691.4416,696.95
693.49115,689.90765,696.0
692.09,689.0473,694.6
691.3444,687.97504,694.1
689.8458,687.5784,692.1
688.2619,686.1666,693.55
688.68854,686.8598,693.0
689.4773,686.69403,693.25
689.5447,686.8348,694.0
690.11255,687.3627,694.05
690.7386,687.4942,694.0
690.6258,687.47577,693.5
690.0497,687.1174,692.15
688.95386,686.1333,691.8
687.98956,685.7234,690.75
687.1468,684.9646,690.75
686.71204,684.84766,692.25
687.68115,685.8849,692.5
688.8136,686.2174,692.35
688.95483,686.1633,691.25
688.1924,685.3987,692.5
688.3807,686.06537,693.25
689.34656,686.73865,692.9
689.4022,686.6294,692.7
688.93024,686.4285,692.75
688.9109,686.4213,692.85
689.0628,686.504,691.4
688.1735,685.5795,695.75
689.8715,688.29694,695.3
691.8912,688.5582,695.05
691.63,688.36707,694.75
690.98706,688.054,698.2
692.96576,690.31213,698.1
694.49603,690.70074,697.45
693.7786,690.2826,698.05
693.6031,690.52997,697.1
693.60974,690.0088,697.35
693.163,690.07513,696.75
692.6888,689.72797,696.95
692.70245,689.7807,697.1
692.97894,689.9122,697.75
693.472,690.3459,697.95
693.95776,690.5575,696.85
693.51575,689.8765,697.85
693.5046,690.3503,696.8
693.3761,689.8056,698.0
693.528,690.46124,696.85
693.327,689.8702,697.5
693.24084,690.1428,697.0
693.2303,689.906,702.65
696.15295,693.78674,705.4
700.23126,697.1177,703.9
700.7664,696.4774,702.65
699.1538,695.0338,702.8
698.7003,694.8313,701.95
698.1572,694.1501,701.7
697.0854,693.8664,703.0
697.54114,694.9307,703.45
698.7461,695.5714,703.7
699.24854,695.9044,703.5
699.30096,695.76605,703.85
699.6008,696.01605,703.2
699.4127,695.53864,702.15
698.3816,694.5055,703.55
698.53845,695.4723,704.35
699.6515,696.4145,704.45
700.07825,696.7077,704.55
700.117,696.7938,706.7
701.44965,698.55707,707.85
703.0767,699.9693,710.25
704.7151,702.1467,708.8
704.9355,701.46387,708.45
704.173,700.89246,708.8
704.0375,701.05554,706.45
702.8759,699.2014,706.0
701.3668,698.3585,711.7
704.0297,702.8178,709.8
705.8299,702.4771,711.55
705.9737,703.5202,710.55
706.2712,703.00665,708.85
705.4442,701.5374,710.35
705.0677,702.35443,709.75
705.1694,702.1688,709.25
704.6878,701.7465,709.3
704.37946,701.6492,709.0
704.41125,701.41614,711.3
705.5534,703.1463,711.25
706.5187,703.52924,710.5
706.2099,702.9912,710.9
706.0937,703.09906,713.85
707.82556,705.2773,713.7
708.9166,705.7393,712.5
708.1021,704.88544,714.15
708.4494,705.7716,713.5
708.9866,705.61,714.65
709.1161,706.37024,713.25
708.6979,705.5694,713.5
708.4483,705.4858,715.35
709.44867,706.81604,715.95
710.5302,707.61633,713.0
709.30066,705.6741,710.05
706.58344,702.9164,712.5
706.6307,704.08,711.3
707.003,703.6893,711.35
706.30316,703.6423,710.8
706.03674,703.1951,712.8
707.28436,704.5333,713.4
708.4391,705.3198,713.3
708.5706,705.39514,714.0
708.93536,705.857,714.15
709.406,706.087,714.0
709.2429,706.0299,714.15
709.0628,706.1001,717.3
710.7011,708.32477,717.1
711.9363,708.7749,719.15
712.8777,710.17004,717.3
712.89954,709.28253,717.0
712.1966,708.7493,714.65
710.6898,707.03186,716.3
710.42163,707.70874,716.1
710.8403,707.8857,718.0
711.719,709.19214,715.3
711.2253,707.71545,714.4
709.93085,706.54584,716.0
710.36646,707.4224,716.6
711.34045,708.15515,716.45
711.3375,708.2543,716.85
711.48315,708.482,720.3
713.5804,710.82764,721.1
715.411,712.0305,718.0
714.13635,710.1972,720.85
714.31616,711.4487,720.6
715.48486,711.7417,720.85
715.31415,712.0075,719.9
714.6168,711.3685,720.0
714.602,711.2461,719.45
714.4036,710.8811,720.8
714.6697,711.7201,721.0
715.3455,712.11523,721.25
715.7199,712.3831,720.6
715.52783,711.9487,720.5
715.3093,711.75244,720.0
715.01355,711.36316,718.6
714.02277,710.35126,716.85
712.4788,708.8964,717.45
712.0205,708.9229,717.8
712.4017,709.27313,717.95
712.59045,709.49084,717.6
712.5355,709.2894,713.0
710.30066,706.0131,711.85
707.7831,704.20154,714.35
708.36676,705.69336,715.6
709.9779,707.1017,718.25
711.6771,709.258,717.25
712.5223,709.0703,717.65
712.7681,709.1878,717.4
712.7614,709.05096,716.2
711.8961,708.21594,716.4
711.20795,708.125,717.1
711.4917,708.61,716.2
711.307,708.1586,715.3
710.44684,707.3835,715.7
710.3841,707.44434,714.8
710.2504,706.87897,715.45
710.13513,707.194,715.35
710.325,707.2337,716.65
711.0743,708.1349,716.3
711.42615,708.1376,716.95
711.63464,708.53186,716.3
711.5954,708.1972,715.85
711.11584,707.7769,715.9
710.81775,707.7049,715.65
710.67053,707.53845,714.35
709.87085,706.5824,716.6
710.41016,707.88885,716.4
711.32245,708.15247,719.8
713.00104,710.4488,718.2
713.6324,710.0067,717.6
712.9176,709.3606,715.4
711.5008,707.6797,715.0
710.34357,706.9345,715.0
709.86554,706.8571,714.1
709.2752,706.23505,714.95
709.3395,706.69,714.55
709.6663,706.5491,715.05
709.9263,706.861,715.0
710.1327,706.9114,715.55
710.48425,707.304,715.0
710.4088,707.0205,715.4
710.31464,707.19904,716.85
711.1362,708.26465,716.85
711.7379,708.54553,716.8
711.6645,708.5401,717.2
711.8642,708.7712,716.8
711.9242,708.58295,717.3
711.9177,708.85187,718.45
712.6111,709.7167,721.0
714.4009,711.61884,721.0
715.492,712.1396,718.5
714.355,710.5023,718.6
713.4658,710.03754,719.05
713.72784,710.30225,719.15
713.73175,710.5017,719.95
713.9361,711.0655,718.85
713.9207,710.4988,718.8
713.63495,710.26624,718.25
713.3045,709.8691,709.0
708.41016,703.1451,705.85
702.61816,698.61224,705.9
701.1377,697.8316,707.35
702.0626,699.2013,704.85
701.1714,697.65497,705.3
700.66235,697.47577,701.75
699.69324,694.5132,701.1
697.9252,693.2472,702.7
698.04297,694.4505,702.75
698.86536,694.8621,703.0
698.91504,695.17865,704.25
699.55914,696.2488,704.75
700.5713,696.9102,704.05
700.3637,696.44977,703.0
699.2329,695.3989,703.9
699.1844,695.9194,701.5
698.2815,694.04395,700.6
696.5321,692.8483,703.3
697.4966,694.89746,710.0
702.4994,700.98096,708.0
704.56055,700.81134,705.7
702.43164,698.5016,706.95
702.17377,698.8436,705.75
702.31915,698.1451,706.7
701.63196,698.82056,707.15
701.8244,699.378,707.35
702.54767,699.66077,709.2
703.6892,701.21436,708.1
703.95276,700.6961,709.1
704.1494,701.28046,708.45
704.24884,700.9411,709.4
704.45557,701.58453,708.55
704.24976,701.09937,708.9
704.06415,701.21313,710.4
704.9551,702.43976,710.05
705.4925,702.46497,709.6
705.0872,702.0738,709.5
704.8554,701.86743,710.1
705.2308,702.30884,711.9
706.32166,703.79004,710.55
706.3407,703.1416,711.2
706.1546,703.3601,712.3
707.03705,704.2512,714.5
708.68396,706.0128,714.5
709.4839,706.44403,714.95
709.7559,706.7814,715.3
710.22345,707.0924,714.75
710.0991,706.78735,714.95
709.77325,706.8237,715.9
710.25824,707.5209,717.5
711.4895,708.7948,717.15
711.9748,708.8778,716.85
711.7667,708.633,715.7
711.1991,707.76215,716.7
711.24164,708.2087,716.75
711.51953,708.4307,717.65
711.9416,709.0812,717.9
712.46484,709.4161,719.6
713.55634,710.59753,719.1
714.0673,710.582,719.75
714.2296,710.934,718.8
714.02264,710.4206,718.8
713.64984,710.25336,718.5
713.3431,710.0408,717.15
712.5065,709.08295,717.15
711.8989,708.81195,713.65
710.1652,706.3568,719.7
711.6927,709.8154,718.6
713.6303,710.1562,723.95
716.01404,713.8476,726.2
719.31665,716.54944,725.85
720.6902,717.01245,725.8
720.50525,716.9532,727.5
721.30225,718.20074,727.15
721.6791,718.3469,725.2
720.2182,716.8753,725.6
719.5147,716.67084,723.9
718.9899,715.4121,726.1
719.2374,716.7053,726.75
720.2908,717.66956,726.6
720.7981,717.7964,726.5
720.8477,717.70044,726.1
720.8143,717.3566,725.15
720.2329,716.53937,728.0
721.02484,718.4544,727.4
721.77655,718.6209,728.5
722.10583,719.3815,728.0
722.3408,719.23303,727.75
722.266,718.987,727.85
722.1286,718.98596,727.5
721.93365,718.7515,729.9
722.87933,720.36816,731.0
724.3083,721.71136,734.65
726.55,724.5649,732.95
727.4047,724.19745,737.0
728.99255,726.6305,735.95
730.20575,726.68896,735.7
729.8476,726.45337,735.6
729.56274,726.2826,735.8
729.7253,726.38947,735.3
729.3803,726.1148,733.95
728.4359,725.1471,733.85
727.9763,724.77747,733.8
727.9193,724.68274,731.0
726.5085,722.7726,730.8
725.30334,721.997,730.15
724.9292,721.3714,730.2
724.593,721.2717,729.2
723.9202,720.5457,728.65
723.36365,719.9252,729.1
723.39404,720.08344,728.0
722.96594,719.4032,726.35
721.67194,717.98883,725.0
720.34564,716.5201,724.95
719.71454,716.0874,724.75
719.37396,715.8975,733.8
723.30396,722.5191,733.5
726.8555,724.1974,734.1
727.5585,724.82513,729.35
725.99207,721.59534,727.1
723.56335,718.9083,726.7
721.81506,717.9579,725.15
720.1991,716.6576,726.05
719.6328,717.0093,725.95
719.9376,717.08984,726.55
720.43896,717.56854,731.0
722.92334,720.9002,730.3
724.6732,721.4099,730.8
724.90497,721.7778,729.75
724.72125,721.0577,729.5
724.325,720.645,730.4
724.25085,721.24384,729.05
723.69556,720.4465,728.65
722.94116,719.89856,729.3
723.0742,720.21564,729.2
723.33026,720.2777,729.0
723.18115,720.1542,729.0
723.19183,720.09937,729.55
723.59314,720.4814,729.9
723.9482,720.8686,729.55
723.89465,720.7094,731.25
724.6045,721.89575,731.0
725.19,722.0768,733.2
726.12604,723.6292,734.35
727.5351,724.8352,732.6
727.38684,723.9773,731.85
726.416,723.1095,731.9
726.18756,722.91034,731.9
726.08795,722.91565,733.25
726.4193,723.87585,730.45
725.66693,722.2072,731.05
725.0549,722.037,730.95
725.21826,722.00134,731.45
725.4073,722.3747,731.0
725.2477,722.18097,731.1
725.2453,722.16254,731.0
725.3199,722.0952,731.85
725.63043,722.6851,730.5
725.2852,721.9037,731.05
725.05475,722.01935,730.0
724.7489,721.32654,729.95
724.29047,721.06586,729.9
724.10956,720.989,729.95
724.1267,721.0133,729.05
723.69653,720.3719,730.0
723.7908,720.8522,732.4
725.28955,722.7856,732.15
726.15295,723.16345,733.65
726.8382,724.2099,733.6
727.61664,724.458,736.6
729.1563,726.4727,736.15
730.014,726.7829,734.95
729.4285,725.9905,736.0
729.54175,726.3965,735.7
729.83295,726.37646,735.75
729.5592,726.4095,735.45
729.35706,726.2111,735.0
729.21954,725.84955,733.55
728.37177,724.8058,734.15
728.0211,724.8839,734.85
728.5424,725.425,734.1
728.442,725.1041,733.5
727.86224,724.57886,733.6
727.8102,724.4849,732.95
727.5648,724.05524,733.8
727.5327,724.5044,733.55
727.69214,724.4904,733.35
727.57874,724.33685,732.95
727.2836,724.0134,732.5
726.95215,723.6136,733.2
727.05585,723.9845,735.9
728.4612,725.89484,736.95
729.9966,727.1691,733.95
729.2103,725.4818,733.5
728.0928,724.5698,733.45
727.966,724.3385,732.65
727.2998,723.80786,731.55
726.09204,722.91046,732.0
725.91296,722.94586,730.0
725.22516,721.5746,730.35
724.4915,721.3943,730.55
724.67017,721.5548,731.35
725.2227,722.1999,731.35
725.4427,722.3956,731.6
725.6576,722.5943,731.15
725.676,722.3258,731.9
725.8297,722.765,731.85
725.99615,722.87805,731.9
725.9853,722.9321,732.9
726.4345,723.62854,733.0
726.9029,723.9047,733.15
727.04663,724.0625,733.8
727.447,724.5262,733.5
727.65686,724.4641,734.2
727.86786,724.8882,733.85
727.9679,724.7878,732.9
727.4588,724.1065,732.0
726.6404,723.27185,730.55
725.58057,722.01044,730.35
724.8052,721.5061,729.9
724.34766,721.0896,729.45
723.8983,720.6539,730.7
724.2798,721.47437,730.2
724.60364,721.36725,731.0
724.8597,721.8919,730.7
725.07214,721.82776,731.5
725.43176,722.36786,731.1
725.4854,722.248,731.65
725.5678,722.57886,730.75
725.33203,722.0415,729.45
724.3691,720.89124,730.45
724.231,721.29614,730.7
724.67236,721.6674,731.0
724.8492,721.9967,731.65
725.27985,722.53204,732.4
726.09216,723.20435,733.4
726.9353,724.0678,734.0
727.6292,724.69305,733.0
727.5229,724.17926,731.4
726.4606,722.8796,730.65
725.422,721.9435,728.25
723.839,719.96893,729.75
723.35034,720.4834,729.35
723.5571,720.4643,730.4
723.9415,721.22766,731.6
724.9532,722.32025,731.45
725.65234,722.51074,730.35
725.21783,721.7262,732.3
725.7243,722.851,731.4
726.0442,722.60565,734.0
726.76886,724.2839,733.15
727.291,724.2113,733.45
727.3354,724.3238,733.45
727.4407,724.3485,734.6
728.046,725.122,733.6
727.97406,724.7073,734.0
727.78625,724.79675,733.9
727.9458,724.77765,734.35
728.15753,725.069,734.9
728.4927,725.52136,735.0
728.8281,725.7071,735.35
729.1306,725.9684,734.45
728.90436,725.4565,734.3
728.5308,725.1823,734.3
728.4333,725.12274,735.75
729.02484,726.0644,736.3
729.7562,726.73944,736.1
729.9822,726.7657,735.65
729.8675,726.4298,735.65
729.8162,726.3223,735.0
729.46277,725.8833,733.55
728.43054,724.81256,735.5
728.67737,725.765,734.1
728.71655,725.1998,734.3
728.2386,725.1232,734.0
728.1726,724.9168,732.6
727.5935,723.92456,732.9
727.0572,723.8291,732.95
727.0917,723.882,732.55
726.9229,723.6394,732.9
726.8364,723.8011,730.95
726.1133,722.50275,730.8
725.3243,721.96265,732.25
725.79675,722.89667,730.6
725.5287,722.0427,730.6
724.8122,721.7325,729.45
724.3188,720.8086,728.45
723.4842,719.831,729.4
723.2939,720.25903,728.65
723.2312,719.9057,730.9
723.99695,721.425,733.5
726.0552,723.72614,729.7
725.5161,721.68677,730.0
724.31146,721.09265,728.0
723.5704,719.5746,726.7
722.06256,718.22705,725.7
720.51154,717.1373,729.6
721.8488,719.70917,730.0
723.58185,720.8307,730.25
723.96704,721.26154,733.1
725.6969,723.3457,733.1
727.2855,723.94727,735.4
728.3437,725.57214,736.5
729.6798,726.7465,736.1
730.2002,726.7885,735.55
729.7627,726.365,735.2
729.37006,725.99347,734.55
728.90607,725.49133,736.15
729.1899,726.4071,736.05
729.67413,726.65247,735.8
729.6699,726.52527,735.8
729.70966,726.45795,736.4
730.1518,726.8462,736.0
730.1973,726.7115,736.0
730.0155,726.6525,734.55
729.3959,725.67755,730.3
726.8718,722.49567,735.0
727.18396,724.73834,734.35
728.4352,725.134,734.3
728.10834,725.1664,734.05
727.99945,724.9511,735.45
729.0651,725.80334,734.75
729.2107,725.6406,735.35
729.05023,725.9365,733.45
728.5268,724.7907,734.35
728.26587,725.003,733.9
728.1397,724.8377,734.35
728.12897,725.08136,734.9
728.513,725.5202,734.6
728.6857,725.4472,734.45
728.5667,725.3055,734.75
728.69946,725.45624,734.75
728.8399,725.51373,734.5
728.6679,725.3666,734.1
728.3705,725.0511,734.6
728.4663,725.2858,734.3
728.47205,725.1809,735.5
728.86786,725.91864,735.55
729.3792,726.18414,735.85
729.64874,726.43494,735.5
729.6485,726.2584,736.5
730.0579,726.8586,738.9
731.4974,728.62286,739.7
732.79034,729.6553,739.25
733.06635,729.5961,738.95
733.03455,729.3121,738.5
732.87103,728.93933,737.5
732.1106,728.1972,736.95
731.29346,727.6288,737.3
731.15497,727.71625,736.95
731.03894,727.5474,738.3
731.45795,728.3811,739.0
732.3733,729.092,738.8
732.74567,729.14526,737.65
732.2651,728.37305,737.55
731.9061,728.054,736.0
731.09595,726.9804,735.45
730.0275,726.29663,734.5
729.177,725.52386,734.1
728.5501,725.05505,734.5
728.41736,725.2196,735.25
728.8704,725.77795,734.15
728.72266,725.232,734.1
728.3683,724.9904,734.05
728.37823,724.9064,732.75
727.7289,724.03503,735.3
728.21454,725.4546,733.9
728.4936,725.00604,739.75
730.65607,728.64984,742.9
734.28357,731.8215,745.5
737.17194,734.60236,745.3
738.5799,735.171,744.2
738.7562,734.3701,744.1
738.4995,734.0329,746.05
739.0346,735.43555,745.4
739.18976,735.4379,744.55
738.5586,734.73615,745.15
738.6426,734.93823,745.6
739.1932,735.38617,745.0
739.0604,735.08295,745.5
739.14075,735.3397,745.45
739.503,735.3876,745.2
739.4111,735.2102,745.9
739.5704,735.6734,745.55
739.7554,735.5683,745.55
739.64966,735.5163,746.9
740.1947,736.5006,745.9
740.32574,736.07916,745.2
739.69916,735.3645,745.0
739.36273,734.9967,745.4
739.4591,735.2274,745.7
739.545,735.55457,746.1
739.7789,735.94867,749.5
741.5093,738.6115,743.15
740.13104,734.6053,742.85
737.8258,733.0222,742.7
737.5505,732.603,744.45
737.9679,733.8598,745.45
738.39325,735.0801,743.9
738.3228,734.2177,744.2
738.3204,734.0799,742.45
737.6887,732.80066,743.75
737.5124,733.3669,743.55
737.70557,733.47723,743.0
737.33923,733.085,743.4
737.23663,733.2408,743.0
737.28687,733.014,743.1
737.15875,733.0172,743.1
737.113,733.0312,742.5
736.89954,732.6022,742.4
736.6078,732.39984,740.6
735.7073,731.12866,739.0
734.2631,729.6869,739.8
733.8365,729.8234,739.05
733.582,729.4561,739.15
733.1648,729.4232,739.0
733.1048,729.3228,738.0
732.7367,728.6427,734.95
730.9079,726.43097,740.95
732.303,729.6841,741.55
734.6583,731.1921,740.6
734.5284,730.9074,738.45
733.4343,729.3025,739.8
733.77716,729.6853,741.55
734.7524,731.07416,740.7
734.61334,730.93787,739.85
734.0563,730.2618,740.25
734.1896,730.2912,740.0
734.16315,730.18744,739.55
733.6843,729.8814,741.25
734.2923,730.901,741.45
735.1016,731.3661,739.75
734.4442,730.3332,738.45
733.3145,729.1357,736.2
731.91174,727.3356,736.15
730.7711,726.80023,735.2
729.89545,726.11536,734.25
728.9555,725.3235,732.05
727.4903,723.63776,731.8
726.50684,722.9432,728.65
724.83636,720.5337,727.15
722.7411,718.77167,724.95
720.8798,716.6706,727.5
721.06885,718.0321,727.0
721.56714,718.2071,724.75
720.3108,716.5009,723.9
719.1083,715.2757,722.2
718.11615,713.78687,720.35
716.28326,711.98755,716.0
712.99786,708.6551,712.1
709.17993,704.9013,710.5
706.6136,702.9566,713.9
707.462,705.1408,715.05
709.4372,706.6479,714.8
710.05493,706.79553,716.4
711.0861,707.8422,716.35
712.1022,708.0947,716.5
712.00793,708.2364,715.4
711.09515,707.4957,715.35
710.4846,707.23285,715.1
710.13574,707.02655,714.65
709.6117,706.67145,715.05
709.57697,706.8741,714.85
709.78143,706.80005,715.9
710.3277,707.5199,717.6
711.6598,708.85834,718.25
712.82916,709.6411,721.7
714.8525,712.09235,724.65
717.77094,714.9774,722.7
718.1687,714.3221,714.85
713.3752,708.39294,725.7
715.3442,714.2619,725.65
719.45154,716.32245,726.3
719.5449,717.3078,725.4
719.3158,716.72284,727.4
721.1187,718.02765,726.6
721.43396,717.9044,729.65
722.0766,719.98737,730.15
723.67365,720.9866,728.95
723.6127,720.3329,728.2
722.644,719.54266,727.5
722.1676,718.83325,726.45
721.376,717.893,728.2
721.4729,718.93005,727.15
721.6339,718.52966,726.35
721.00385,717.7689,725.35
720.2411,716.7624,724.5
719.569,715.829,724.85
719.28577,715.8766,723.4
718.5855,714.9131,724.0
718.28217,715.03534,728.2
720.4787,718.2575,740.45
727.69275,727.56366,736.0
730.8123,727.3274,738.65
731.18646,728.5182,735.55
731.5556,726.7758,732.75
729.3528,724.4005,734.95
728.1197,725.23694,734.55
728.3408,725.3329,734.5
728.04944,725.33655,738.0
729.4498,727.60803,737.9
731.20575,728.2342,740.05
732.57495,729.7303,738.75
733.04877,729.289,739.6
733.3782,729.6453,742.5
734.9472,731.69415,742.0
735.7498,731.99255,738.8
734.15656,729.86945,740.1
733.6999,729.9992,739.7
733.9976,729.9033,740.6
733.9289,730.4859,739.15
733.4497,729.731,738.45
732.9403,729.0036,739.4
733.1103,729.42194,737.7
732.5849,728.49115,737.8
731.94476,728.2557,737.75
731.938,728.1862,760.0
740.99,744.2613,760.3
749.5709,750.9938,767.35
754.80615,758.3885,769.0
760.3628,761.85657,768.95
763.53815,762.7348,771.1
764.6688,764.65857,773.8
766.8152,767.5597,773.05
768.0021,767.8533,775.0
768.67175,769.50305,775.45
770.0241,770.50946,773.8
770.3114,769.22284,773.6
770.013,768.5068,770.1
769.02,765.32526,770.8
768.18463,764.8519,771.15
768.0716,765.2788,772.55
768.515,766.6192,772.2
768.82983,766.79083,772.2
769.0418,766.72705,772.05
769.2541,766.5351,772.3
769.401,766.7165,772.85
769.66345,767.2829,772.8
769.86554,767.42633,773.4
770.1397,767.9588,774.0
770.62897,768.6603,773.2
770.6752,768.1724,769.95
769.3335,765.1361,770.25
768.34625,764.3345,771.5
768.5097,765.3896,772.6
768.87994,766.73773,774.0
769.653,768.40265,774.2
770.5969,769.0428,773.7
770.92426,768.6832,772.75
770.67267,767.6791,771.75
770.128,766.4904,772.0
769.71375,766.36456,772.05
769.47925,766.4625,771.5
769.1054,766.0418,771.65
768.9061,766.0084,767.85
767.4923,762.7545,768.45
766.3145,762.0571,768.3
766.01196,761.99524,769.5
766.0131,763.07135,769.25
765.9995,763.278,769.8
766.29517,763.7073,770.0
766.6672,764.012,771.65
767.39905,765.50134,772.15
768.23474,766.4038,773.35
769.104,767.66437,774.35
770.1313,768.92505,776.0
771.41266,770.87787,773.85
771.5484,769.41504,768.0
769.01306,763.7051,768.55
767.23016,762.1751,767.3
766.1975,761.03467,767.15
764.782,760.648,766.9
764.02814,760.4557,767.8
764.28357,761.13184,767.65
764.35864,761.2445,767.9
764.3903,761.44446,767.2
764.38715,760.8855,767.95
764.46564,761.3333,768.1
764.6034,761.6777,767.0
764.2019,760.78284,765.85
763.3351,759.432,765.8
762.7786,758.98596,765.2
762.2345,758.4086,765.5
761.83356,758.52026,765.0
761.566,758.1556,763.15
760.62213,756.32855,763.4
759.94055,755.94257,763.2
759.71625,755.77,765.25
760.1949,757.57465,765.2
760.711,758.20294,765.0
760.83716,758.0734,768.0
762.12006,760.62683,770.7
764.32574,763.8922,768.0
764.5574,762.503,767.95
764.1764,761.6578,766.15
763.82635,759.88367,764.5
762.37665,757.89264,762.9
760.5956,755.9396,763.85
760.09875,756.24854,762.9
759.5809,755.64014,761.15
758.2272,753.7966,762.45
758.09174,754.3886,763.5
758.8581,755.6639,762.95
758.8102,755.57635,762.55
758.5381,755.0848,762.7
758.7022,755.0381,762.8
758.68335,755.1697,765.05
759.38153,757.25323,765.4
760.3411,758.28876,767.0
761.3284,759.90216,766.95
762.1306,760.32166,769.3
763.44855,762.4408,768.5
764.21765,762.4447,768.5
764.30743,762.2843,769.0
764.73047,762.6808,766.75
764.19476,760.81366,766.45
763.237,759.8982,770.7
764.57367,763.4775,766.95
764.517,761.4649,765.0
762.5965,758.73236,765.55
762.30133,758.4311,766.95
762.8936,759.8065,767.6
763.01526,760.91187,766.2
762.79926,759.93646,766.3
762.81323,759.56354,765.3
762.3956,758.64105,764.75
761.6486,757.8585,765.3
761.50726,758.1843,765.65
761.6487,758.6483,763.95
760.93835,757.2545,764.0
760.3837,756.76965,764.8
760.65485,757.4332,763.6
760.2617,756.60693,764.1
759.9116,756.74365,763.6
759.9153,756.38226,763.85
759.8007,756.47327,763.75
759.6574,756.4624,764.9
760.10547,757.475,765.9
760.8937,758.72595,767.2
761.8275,760.22626,766.65
762.33606,760.14575,768.15
763.09064,761.322,771.6
765.0823,764.7791,771.8
766.61285,766.03406,769.85
766.4924,764.5781,766.7
765.2161,761.0689,766.3
764.1023,759.6589,764.75
762.74414,758.1302,764.95
761.67346,757.88153,764.6
761.2068,757.6285,764.35
760.82434,757.2942,764.25
760.5527,757.1103,765.0
760.8221,757.7393,764.75
760.97943,757.7392,764.8
760.9104,757.7348,764.3
760.7646,757.27655,764.65
760.7224,757.43805,764.7
760.7056,757.5804,763.9
760.33154,756.88983,764.55
760.27094,757.2305,764.2
760.286,757.07733,765.0
760.42426,757.7245,766.2
761.1352,759.04144,766.55
761.8326,759.74164,766.9
762.2841,760.192,768.35
763.21625,761.5508,768.05
763.84674,761.7462,768.45
764.1008,762.0757,766.75
763.77466,760.6469,765.9
763.0049,759.3906,765.2
762.23773,758.4548,764.35
761.40094,757.4564,764.6
760.89703,757.42725,764.95
760.8893,757.8022,763.85
760.4933,756.92944,764.7
760.4349,757.3622,765.05
760.8589,757.887,764.15
760.6308,757.2216,764.0
760.23535,756.8207,763.85
760.14905,756.58813,763.25
759.73114,755.9953,762.1
758.843,754.75507,763.45
758.8677,755.60345,763.8
759.2889,756.31036,763.8
759.30634,756.49133,763.75
759.388,756.45276,764.05
759.6971,756.6941,763.8
759.68964,756.56445,763.65
759.51575,756.3633,763.15
759.298,755.84503,763.15
759.07104,755.67896,762.8
758.7921,755.3457,768.45
760.77106,760.2667,774.6
764.96375,767.1687,776.0
768.3096,770.7749,775.9
770.2333,771.4078,774.8
771.3862,770.26404,773.8
771.4217,768.9414,773.8
771.0095,768.6183,774.55
771.1225,769.31793,774.65
771.28076,769.69385,774.85
771.383,769.9705,773.95
771.3707,769.1772,774.65
771.58307,769.5292,773.65
771.5055,768.7824,773.5
771.21265,768.37665,771.55
770.43866,766.5849,770.7
769.38837,765.2412,767.95
767.7152,762.52405,769.05
766.7833,762.6045,770.7
767.16504,764.3357,770.0
767.15405,764.3007,772.1
767.7293,765.9311,771.9
768.6335,766.302,770.15
768.1997,764.8633,770.55
767.80396,764.6258,770.0
767.73254,764.2185,777.1
769.8473,770.2962,780.6
773.19745,775.8606,781.95
775.77515,778.35223,783.5
778.0979,780.01855,781.3
779.3009,778.74634,781.0
779.2979,777.943,782.1
779.7052,778.6513,780.9
779.69934,778.0272,780.4
779.06976,777.3605,780.2
778.8569,776.97314,781.0
779.09863,777.5514,781.2
779.2876,777.9635,781.3
779.5376,778.14874,781.0
779.7505,777.9286,779.0
779.1338,776.15704,777.75
778.05585,774.4068,780.05
778.18146,775.94965,780.5
778.6518,776.97406,780.8
778.7992,777.4984,782.05
779.55743,778.6039,782.3
780.3969,779.1537,783.45
781.07007,780.1676,782.85
781.52374,780.02185,782.9
781.7385,779.94257,785.4
782.6329,781.77014,775.75
780.29834,774.7122,778.35
778.17847,774.0316,781.5
779.2193,777.10046,781.25
779.5147,777.9873,778.7
778.3129,776.0739,778.3
778.06476,774.7999,777.25
777.5988,773.5519,777.8
776.78436,773.7518,777.1
776.42426,773.27893,774.85
775.3542,770.9657,774.9
774.2461,770.1699,774.55
773.7574,769.7394,775.55
773.64716,770.592,775.65
773.64276,771.049,777.05
774.2072,772.44604,776.1
774.4434,771.9955,777.45
774.7669,773.02057,776.4
774.92175,772.4112,777.25
775.01013,772.9389,779.0
775.80194,774.7928,780.8
777.0809,776.924,780.25
777.7501,777.07654,786.15
779.9861,781.5486,781.05
780.7507,779.2621,782.6
780.4388,779.28595,779.05
779.95886,776.5745,780.25
779.38153,776.5935,779.0
778.62036,775.82837,778.75
777.9816,775.29645,778.3
777.5292,774.7804,778.0
777.0972,774.3421,778.0
776.8478,774.22394,777.05
776.43494,773.3334,775.9
775.62335,771.9314,776.8
775.3654,772.3264,775.1
774.7869,770.9726,775.15
774.01245,770.49915,775.95
774.04803,771.1909,776.8
774.4535,772.26074,776.65
774.5487,772.469,777.35
774.9081,773.112,776.45
775.0182,772.4617,778.45
775.4725,774.07715,778.85
776.2354,775.0299,779.45
776.79944,775.78955,779.2
777.1204,775.76025,779.0
777.29047,775.52386,778.1
777.03546,774.65027,778.5
776.86017,774.7163,778.3
776.818,774.63153,781.0
777.592,776.9409,775.95
776.7369,773.28217,774.0
774.64874,769.8376,775.15
774.13837,769.94556,775.8
774.13104,770.90497,775.65
773.6561,771.1718,775.2
773.49884,770.7317,773.9
773.11053,769.2818,773.95
772.5114,768.8591,774.3
772.3943,769.1572,772.55
771.7245,767.7239,772.95
771.0693,767.5471,775.2
771.7756,769.60626,774.95
772.30774,770.14874,775.0
772.3057,770.2551,775.25
772.7036,770.4383,775.3
773.0172,770.5807,775.45
773.0108,770.778,776.6
773.51385,771.92053,778.5
774.6646,774.1024,778.05
775.28064,774.3548,776.85
775.1164,773.16754,777.6
775.3406,773.4078,777.85
775.68256,773.84235,778.35
775.84314,774.45447,786.6
778.7415,781.21216,791.4
783.0309,786.4405,787.15
784.6449,785.27924,787.75
785.3691,784.7146,784.9
785.8639,782.70416,786.05
785.42975,782.8533,785.25
784.95807,782.5639,786.15
785.0755,783.054,786.85
785.3831,783.74023,787.0
785.71155,784.05396,788.05
786.4286,784.81775,788.0
787.06384,785.0391,785.95
786.7507,783.68915,787.9
786.9445,784.4753,788.3
787.59204,785.1399,788.1
787.6733,785.20807,789.95
788.29,786.3986,787.85
788.54614,785.44366,787.4
788.0077,784.6999,787.75
787.9201,784.7217,788.3
788.1435,785.1659,787.7
787.92255,784.95154,785.8
787.20953,783.53455,785.75
786.67126,782.9652,789.7
787.4935,785.53955,789.7
788.4216,786.50714,785.25
787.46497,783.7313,781.45
785.2967,779.687,782.45
784.15326,779.1444,781.65
783.0806,778.68884,781.55
781.9061,778.5341,783.6
782.18524,780.10315,782.3
782.3042,779.6429,782.0
781.78125,779.11865,780.75
781.35736,777.9426,778.65
780.25006,775.7843,778.8
779.112,775.2193,779.15
778.74396,775.4899,778.85
778.3453,775.3665,779.1
778.0167,775.53564,778.9
777.98846,775.408,778.95
777.9266,775.3946,779.85
778.1266,776.1817,779.75
778.385,776.3668,780.15
778.5634,776.71875,780.4
778.82135,777.027,781.5
779.3734,778.02747,782.0
779.9633,778.75635,781.35
780.1124,778.429,779.7
779.59467,776.8771,780.55
779.4157,777.05023,783.15
780.30597,779.3314,779.2
779.71564,776.95496,778.95
778.5812,775.6426,778.05
778.16077,774.518,775.0
776.4714,771.394,774.85
774.75946,770.22943,774.2
774.0207,769.426,772.8
772.7719,767.949,772.75
771.6805,767.47205,774.05
771.8803,768.51495,773.1
771.7114,768.08154,773.65
771.41174,768.3381,774.0
771.7614,768.7515,773.95
771.88416,768.84814,775.65
772.32495,770.46155,776.55
773.2762,771.8679,776.8
773.89044,772.4984,776.95
774.24384,772.74695,777.3
774.7299,773.12836,778.75
775.5039,774.6052,776.7
775.3526,773.1967,776.85
774.9792,772.71484,778.35
775.564,774.0517,775.6
775.0245,771.99817,775.1
773.90564,770.68536,772.8
772.86554,768.2134,773.15
771.9549,767.773,773.5
771.522,768.1434,774.0
771.56433,768.73096,774.7
771.8896,769.5748,776.3
772.75323,771.34143,774.4
772.83167,770.0794,773.75
772.23975,768.888,772.0
771.3914,767.0322,773.3
771.0452,767.59296,773.45
771.0052,768.1025,771.55
770.1863,766.5797,774.3
770.52313,768.3736,773.4
771.0393,768.3211,774.4
771.1663,769.1048,775.6
771.99677,770.515,786.3
776.21094,780.0021,781.95
778.6439,779.8312,782.8
779.07806,779.7522,780.4
779.73236,777.7375,782.3
780.22253,778.6393,782.5
780.3118,779.3436,781.75
780.29443,778.9263,781.4
780.19147,778.43567,782.0
780.27234,778.76056,782.4
780.61005,779.23834,781.6
780.61066,778.76904,779.1
779.6848,776.4762,778.0
778.54407,774.67596,775.95
777.1272,772.29816,774.2
775.2382,769.89453,775.05
774.2783,770.0436,771.5
772.67883,767.05023,770.15
770.5022,764.8476,768.85
768.98566,763.12976,767.55
767.4624,761.51355,765.9
765.539,759.67035,765.8
764.35394,759.05786,768.0
764.6204,760.9217,766.6
764.3235,760.35516,766.8
763.8222,760.1817,765.3
763.3514,758.8175,766.3
763.0964,759.25214,766.6
763.0984,759.80524,766.75
763.1179,760.0772,766.25
762.9174,759.68933,768.85
763.74274,761.80457,769.25
764.7701,762.95557,767.7
764.50977,761.80066,770.1
765.15875,763.43115,774.0
767.5613,767.403,778.45
770.6099,772.92944,778.65
772.8685,774.7646,781.2
775.20746,777.18427,780.95
777.0555,777.6736,780.95
777.7941,777.7371,780.9
778.26276,777.68585,779.8
778.2704,776.76184,780.05
778.0415,776.6638,779.7
777.95294,776.40234,777.1
777.0119,774.01843,776.5
775.88837,772.57196,778.0
775.96497,773.64185,779.05
776.50476,775.0599,778.0
776.4033,774.56866,779.1
776.7651,775.2481,779.75
777.5683,776.0739,780.05
777.95844,776.5886,781.2
778.58545,777.668,784.35
780.2734,780.4655,784.0
781.4578,781.0857,784.1
781.9568,781.19385,785.6
783.044,782.2361,787.45
784.4512,783.91724,781.0
783.23395,779.8423,779.15
780.97943,776.49115,779.0
780.0171,775.42865,778.1
778.7156,774.551,777.8
777.3911,774.14166,776.0
776.46606,772.3357,776.05
775.6893,771.70557,775.9
775.1377,771.4886,776.25
774.99243,771.7781,775.9
774.80505,771.57745,776.15
774.6576,771.7065,775.55
774.4464,771.19385,774.9
773.9323,770.3797,775.55
773.75,770.7428,776.8
774.19995,772.112,774.75
773.77277,770.6397,776.25
773.687,771.414,776.75
774.33496,772.25964,777.15
774.6507,772.9093,778.45
775.24805,774.3035,780.35
776.63104,776.3807,782.65
778.31854,778.86646,781.65
779.1889,778.79596,781.8
779.66943,778.70233,784.3
780.9528,780.6,784.35
781.9514,781.32446,786.15
782.8803,782.75256,785.8
783.839,782.9447,781.0
782.7779,779.39923,779.35
780.836,776.57776,778.05
779.4906,774.6919,777.55
778.08234,773.79456,777.7
777.0651,773.8106,776.7
776.4372,772.9183,777.35
776.14246,773.18555,775.55
775.473,771.63983,776.1
775.0283,771.5699,774.75
774.48816,770.38165,773.2
773.2398,768.52014,774.45
772.7885,769.09686,774.25
772.74963,769.2419,773.3
772.0353,768.40125,775.25
772.2695,769.8667,777.25
773.59674,772.3534,774.95
773.4881,770.96454,774.45
772.8185,769.7689,772.8
772.27454,767.9474,771.1
770.8281,765.9503,770.8
769.5,765.1639,770.95
769.0341,765.15454,775.95
770.44214,769.61084,774.55
771.39056,769.947,772.9
770.9231,768.2174,774.0
771.2625,768.473,775.7
772.3286,770.3839,774.35
772.17993,769.79034,773.55
771.5847,768.70276,773.0
771.3412,767.8505,773.95
771.28186,768.48083,773.85
771.2107,768.70844,773.6
771.1462,768.5229,774.15
771.34094,768.9155,775.2
771.91205,770.063,776.75
772.88635,771.9248,778.3
774.174,773.9624,776.1
774.3511,772.4614,776.65
774.2869,772.27783,776.0
774.3602,771.72144,776.7
774.3304,772.2225,775.8
774.0372,771.6265,776.1
773.9347,771.6387,776.2
774.0246,771.7796,777.4
774.4446,772.96625,777.3
774.85693,773.2857,777.25
775.046,773.2653,774.0
774.0569,770.1266,775.55
773.58484,770.4669,777.55
774.41675,772.7408,776.1
774.3579,772.15735,772.2
772.5529,768.1562,773.25
771.8416,767.6911,771.05
770.94916,765.9252,771.0
769.51355,765.3392,771.0
769.0349,765.2931,770.85
768.84216,765.15234,771.25
768.5727,765.466,771.1
768.5685,765.44543,772.1
768.9732,766.243,772.8
769.48737,767.14703,773.0
769.87286,767.5767,773.35
770.2561,767.9637,772.6
770.24506,767.4153,771.1
769.49475,765.8926,772.05
769.25903,766.1996,771.35
769.0865,765.8422,771.3
768.6336,765.67065,771.9
768.7261,766.13293,770.3
768.3821,764.9606,772.15
768.4739,766.05273,773.75
769.58167,767.9406,779.0
772.10126,773.47345,774.5
772.61847,771.0263,774.1
771.9159,769.33984,774.5
772.28015,769.2672,772.85
771.68036,767.95355,771.45
770.08923,766.35114,772.7
769.9512,766.91705,773.8
770.52484,768.19165,773.95
770.6443,768.7661,773.3
770.7076,768.28394,773.15
770.8521,767.90857,772.4
770.5134,767.18,774.05
770.7441,768.38965,773.65
771.0806,768.5338,775.1
771.5101,769.84155,774.0
771.66846,769.24,773.0
771.22296,768.061,772.65
770.75116,767.3733,772.5
770.4375,767.0944,773.6
770.5314,768.0212,772.65
770.3959,767.5462,773.05
770.30334,767.64307,772.6
770.2922,767.3106,772.85
770.24994,767.4099,773.6
770.51886,768.13824,775.8
771.58167,770.42535,778.15
773.2507,773.4423,777.85
774.3409,774.02386,777.3
774.7282,773.4904,781.2
776.3703,776.7285,779.4
777.26154,776.3485,779.15
776.9828,775.8005,780.9
777.80414,777.0857,781.9
778.93225,778.41235,781.9
779.3032,778.8198,782.1
779.80664,779.0055,782.65
780.5558,779.4721,783.25
781.0748,780.1033,782.15
781.1114,779.45447,782.0
781.0453,779.04565,781.65
780.92065,778.668,781.9
780.8083,778.7689,781.3
780.6082,778.3687,781.15
780.37585,778.08563,780.65
780.1012,777.599,782.4
780.4479,778.8537,781.7
780.69434,778.78406,782.05
780.7304,778.94385,782.85
781.2142,779.614,781.4
781.14716,778.72723,785.0
781.8957,781.1014,786.15
783.3897,782.7736,785.5
783.9863,782.78326,784.15
783.8343,781.67,785.1
784.17664,781.9445,785.35
784.48706,782.3386,787.5
785.1119,783.9557,787.5
785.95197,784.51263,786.15
786.0142,783.68713,785.45
785.6681,782.8201,785.05
785.4366,782.2948,784.9
785.0791,782.072,785.05
784.80304,782.147,785.05
784.7596,782.1892,784.9
784.6746,782.0855,783.75
784.2323,781.20404,783.25
783.71295,780.511,783.6
783.4976,780.58575,783.85
783.42896,780.84985,783.3
783.18317,780.5429,783.45
783.0553,780.5144,785.95
783.8421,782.3323,787.75
785.1348,784.2085,790.75
786.8942,786.73816,792.8
789.0316,788.8273,794.5
791.08966,790.94507,797.8
793.42413,795.6631,796.5
795.10785,796.144,797.2
796.06573,796.898,796.2
796.67725,795.81836,795.0
796.5673,793.7982,794.95
796.21277,793.0938,794.4
795.96106,792.33105,796.0
796.0896,794.016,796.0
796.4073,794.82196,794.15
796.16345,792.64746,793.05
795.526,790.5889,791.2
794.58844,788.66644,792.1
793.88684,788.7556,792.2
793.5715,789.0026,789.6
792.56854,787.3473,789.45
791.5397,786.58496,786.7
790.2955,784.6135,787.8
789.2855,784.6484,787.5
788.78436,784.6437,788.05
788.5351,784.99255,787.2
788.1747,784.55035,786.0
787.5337,783.5309,787.3
787.42004,784.0562,786.85
787.38617,784.0317,790.3
788.1447,786.2888,790.15
789.13293,786.98956,790.2
789.60046,787.1307,791.3
790.30255,787.80975,791.35
791.01306,788.1362,790.65
791.05286,787.7554,788.3
790.32983,786.0373,788.3
789.67896,785.424,788.6
789.3482,785.5395,789.6
789.3373,786.2803,788.2
789.09,785.64386,788.5
788.8893,785.5251,787.7
788.6977,784.99304,784.8
787.4926,782.8354,785.55
786.5794,782.56476,785.35
786.27106,782.4949,787.75
786.5103,784.13904,788.4
787.16956,785.19385,788.7
787.80945,785.64124,790.85
788.8767,787.1051,790.95
789.9113,787.69415,790.3
790.2462,787.3964,789.2
790.0943,786.5078,790.0
790.1621,786.73413,789.4
790.0448,786.51385,785.0
788.4132,783.4805,789.5
788.30493,785.3434,786.55
788.25604,784.31146,787.9
787.6334,784.70483,790.5
788.59546,786.6307,788.1
789.0005,785.74365,790.25
789.0804,786.67145,790.05
789.8238,786.928,788.7
789.75775,786.1099,788.6
789.23083,785.71204,790.0
789.62067,786.54456,789.65
789.83777,786.6576,790.15
789.8111,786.977,792.9
790.91113,788.878,793.0
792.01,789.73334,795.15
793.03625,791.91595,796.65
794.6043,794.7066,795.4
795.50256,794.23846,795.2
795.6759,793.51013,795.8
796.1518,794.0605,796.35
796.61884,795.16504,796.9
796.93164,796.3876,797.75
797.56226,798.1845,797.5
798.08746,798.4747,797.5
798.31506,798.46204,800.0
799.18225,802.55585,801.0
800.3527,806.22675,802.0
801.3486,809.4867,800.0
801.80273,806.9373,801.9
802.35614,809.0003,799.25
802.3663,805.4201,797.65
801.41394,800.87616,798.2
800.8497,800.2767,796.8
800.2337,798.0762,797.0
799.41547,797.5043,799.4
799.6998,801.32196,799.4
800.2664,803.0254,799.6
800.482,803.8001,798.25
800.538,801.62244,798.4
800.5072,800.9163,798.55
800.4031,801.1205,797.2
799.98,798.98193,797.35
799.5467,798.32947,797.95
799.47754,799.1945,797.25
799.27844,798.44775,797.85
799.1649,799.0374,797.7
799.2643,799.0827,799.45
799.6892,801.97076,798.95
800.0682,802.3638,800.0
800.50525,804.1371,803.25
801.7462,810.6699,803.4
803.0261,813.84766,802.8
803.6732,813.73224,802.0
804.01526,811.9299,801.25
804.02893,809.9145,800.5
803.5822,807.8163,800.45
803.175,806.9668,801.1
803.08746,807.999,800.4
802.876,807.1901,804.55
803.6089,813.9784,803.6
804.5757,815.4768,803.8
805.0054,815.9299,804.5
805.63635,817.01855,803.5
806.0609,816.09576,803.7
806.0126,815.85425,802.95
805.9266,814.6755,801.95
805.5567,812.41406,801.15
804.84534,810.03467,800.55
804.1874,808.0094,799.2
803.3313,804.79565,798.15
802.22327,801.7124,799.2
801.68866,802.4369,798.3
801.25916,801.41327,799.8
801.08545,803.4424,795.65
800.26776,797.39233,800.1
800.23676,801.8222,806.55
802.31635,815.45776,808.05
804.6753,822.4628,808.4
806.5089,824.80927,809.95
808.5236,826.4073,809.1
810.0882,826.48474,808.7
810.6839,826.17755,808.0
811.01605,825.53015,808.7
811.3211,825.7998,806.75
811.0401,824.3795,808.3
810.94855,824.9826,807.45
811.06903,824.69214,805.95
810.575,822.85114,805.1
809.88354,820.6522,804.9
809.403,819.5134,804.2
808.71063,818.111,803.55
807.9206,816.5645,805.6
807.8526,818.96136,804.0
807.68396,817.83826,804.45
807.3107,817.7319,803.1
807.00635,815.68475,802.0
806.3077,812.84283,797.0
804.2914,802.49225,797.85
802.52277,799.83264,796.4
801.19977,797.3061,799.0
800.4572,800.50867,801.2
800.94543,805.81006,798.55
801.0139,803.3736,796.15
799.96326,797.69244,800.5
800.37024,802.6159,800.45
801.1947,805.52795,797.85
800.58246,801.7582,797.6
800.0608,799.46747,797.8
800.0719,799.2363,798.35
799.7955,800.23145,797.2
799.39764,798.7683,797.6
799.3171,798.7062,798.65
799.5125,800.4872,802.95
800.73096,808.6667,802.15
801.99744,811.09607,802.3
802.69836,811.7157,801.75
803.2595,810.7196,802.85
803.86,812.38165,802.7
804.2072,812.98175,803.15
804.5075,813.902,801.5
804.4761,811.4349,800.7
803.97565,808.68726,801.85
803.8594,809.82,801.9
803.9647,810.6586,798.95
803.18555,805.4628,793.95
801.00635,794.971,792.8
798.74805,790.60986,791.45
796.70935,788.80023,791.05
794.80927,788.15894,790.55
793.48364,787.70135,790.2
792.5816,787.30927,791.75
792.36456,788.1898,790.35
792.0977,787.6253,792.55
792.30054,788.79083,794.1
793.24994,790.57166,793.7
793.8121,790.8983,794.35
794.20044,791.49207,796.0
795.1633,793.65796,796.2
795.9484,794.8962,795.65
796.1736,794.5349,798.0
797.0126,797.56464,797.9
797.89716,798.9913,798.45
798.37244,800.2747,800.9
799.507,804.8252,799.15
800.2794,803.8389,797.35
799.86237,799.97217,788.95
797.2542,788.4309,787.05
793.8277,784.95325,788.9
792.0975,785.3963,782.65
789.01965,781.5071,778.0
784.33136,776.18506,779.1
782.18604,775.32715,780.0
781.3801,776.2085,776.75
779.13605,773.7866,776.1
777.50366,772.1743,775.25
776.75195,770.899,774.65
775.4195,770.0007,776.15
774.9796,771.24384,778.0
775.8353,773.46716,778.05
776.25,774.1926,776.75
775.8752,773.06525,775.35
775.26544,771.2444,777.75
775.51733,772.97864,778.1
775.94836,774.0591,779.65
776.54987,775.71484,778.35
776.8267,775.04236,778.35
776.7802,774.6893,776.05
776.02234,772.47424,776.75
775.46094,772.35144,776.25
775.1449,772.039,773.75
773.82666,769.55444,775.05
773.2142,769.91113,777.2
774.0944,772.2494,776.1
774.2213,772.02545,779.45
775.1468,774.9036,750.0
764.90717,748.0265,749.1
753.889,739.39557,733.4
744.4346,727.0844,743.3
739.9221,730.78644,745.65
740.02045,734.79333,745.65
740.50867,735.6711,747.1
741.4403,736.7175,745.55
742.2357,735.7947,745.2
741.78827,735.20636,745.55
741.1838,735.3617,744.55
740.3149,734.6974,742.25
738.27234,732.8044,735.55
733.75635,727.8143,735.5
730.7609,726.2862,736.1
730.28925,726.487,735.05
729.4209,725.97144,737.45
729.8421,727.4153,736.35
730.6927,727.1222,741.8
733.0836,730.51404,741.4
735.0154,731.32837,740.55
734.9357,730.8618,741.0
734.9937,730.9359,740.35
734.96906,730.549,732.5
730.7366,725.3307,729.15
725.80133,721.25397,737.0
727.6266,725.66095,743.3
732.6887,731.2745,741.9
734.3859,732.0466,748.1
737.814,736.4303,746.25
740.887,736.39105,751.3
742.89545,740.0989,757.35
747.11597,746.17194,759.5
750.98596,750.01117,757.7
751.5896,749.3384,759.55
752.5135,750.4092,759.0
753.5498,750.42804,761.0
754.06366,752.21674,763.9
755.82404,755.4496,762.75
756.96606,755.4696,763.35
757.3104,755.76746,762.55
757.6543,755.12085,759.6
756.59326,752.18945,760.55
755.8132,752.126,758.5
755.0882,750.4081,759.45
754.5474,750.6845,756.1
753.1844,747.90906,753.45
750.9173,744.7977,753.0
749.45605,743.5999,753.45
748.96497,743.7288,735.45
740.572,730.0543,755.0
741.8672,740.2008,751.05
746.1061,741.4387,752.1
745.083,742.21985,751.4
745.2465,741.8096,751.25
746.8686,741.4987,748.55
745.11487,739.3853,747.0
742.6685,737.51984,745.7
741.6575,736.0272,746.2
740.8535,736.0458,746.15
740.1904,736.1099,744.95
739.68085,735.2286,746.45
740.0288,736.0507,746.2
740.3998,736.1649,747.55
740.95526,737.18555,749.35
742.3167,738.8735,748.85
742.97015,738.9973,747.15
742.1837,737.64966,748.0
742.05316,737.8197,750.35
743.28485,739.7697,751.65
744.45905,741.4344,755.0
746.4518,744.55316,754.8
748.1421,745.2943,754.5
748.55066,745.1524,754.55
748.7894,745.0754,744.7
744.7465,737.15674,753.9
744.83203,741.92194,749.75
745.6276,740.61865,749.5
743.82886,739.8381,750.4
743.892,740.3092,751.5
745.38855,741.36316,752.65
746.048,742.63324,751.25
745.8776,741.8714,746.6
743.9464,737.903,748.05
742.8201,737.8003,748.25
742.82104,738.126,749.65
743.0694,739.34033,749.8
743.448,739.8594,753.95
745.5912,743.1921,755.0
747.82684,745.10254,756.8
749.41437,747.1199,753.4
749.1937,744.76514,750.25
747.1242,741.4442,752.6
746.7375,742.313,751.3
746.46814,741.77844,753.75
746.57874,743.5461,752.9
747.0445,743.44684,753.95
747.63666,744.1642,756.7
749.25464,746.6667,755.85
750.188,746.7543,759.3
751.6637,749.64343,763.75
754.9634,754.6379,761.9
756.3565,754.59045,763.3
756.8804,755.43134,763.15
757.9528,755.60583,762.7
758.0434,755.2255,766.85
759.3132,758.8302,766.2
760.71375,759.52576,767.45
761.4679,760.6098,767.3
762.21545,760.76605,766.0
762.26855,759.6192,771.9
764.1804,764.38544,769.65
765.44617,764.1935,769.55
765.23737,763.6813,768.6
765.25977,762.6443,766.45
764.4751,760.4057,768.0
763.9653,761.1454,768.0
764.1865,761.5552,767.5
763.9926,761.198,767.55
763.7887,761.09467,767.3
763.8733,760.8585,764.0
762.5326,757.85144,764.1
761.2664,756.8997,762.9
760.5136,755.71484,759.4
758.25415,752.1266,754.8
754.5661,746.8429,741.0
746.5151,734.31067,743.2
741.47485,732.8,741.8
739.68823,731.99805,740.5
737.1143,730.9312,739.65
735.2718,730.15643,740.0
735.3974,730.1137,737.5
734.2794,728.51776,737.7
732.9163,728.16296,738.4
733.0956,728.57556,738.45
733.1391,728.7611,739.7
733.2221,729.62646,740.4
733.9581,730.31824,740.5
734.3945,730.5622,737.9
733.181,728.91595,738.15
732.3278,728.53406,739.3
732.8204,729.24524,739.55
733.11084,729.6632,739.2
732.91547,729.54926,738.9
732.90894,729.27637,741.45
734.1013,730.8595,739.05
733.9266,729.79736,738.7
732.94116,729.168,739.6
733.2814,729.58734,742.5
734.89166,731.68396,740.35
734.8018,730.90106,724.5
726.68494,719.81323,715.95
716.45605,709.4079,712.0
710.6028,704.36383,711.55
707.7452,703.47894,709.55
705.4144,702.2471,706.3
703.29395,699.31757,702.8
701.0252,695.6182,702.2
699.5507,694.2843,705.85
701.11707,697.295,706.05
702.73517,698.26886,705.1
702.0681,697.59406,706.0
701.8468,698.0568,707.5
703.027,699.484,707.75
703.45966,700.0664,705.05
701.65857,697.887,705.8
700.78357,697.8689,702.4
699.39856,695.1517,702.1
697.5967,694.2295,698.2
695.15936,691.16785,699.55
694.4633,691.5572,702.55
696.8385,694.0229,701.75
698.14764,694.01337,706.8
700.55206,698.1193,707.1
703.19684,699.3185,706.2
703.045,698.7072,690.65
693.2877,686.6826,681.85
679.6199,676.57135,690.3
679.79614,682.47076,683.7
681.6875,678.2736,683.5
678.6573,677.6655,683.9
678.8823,677.7862,681.9
680.47235,676.23254,684.35
681.1542,678.16327,682.85
680.7002,677.13153,682.25
679.5763,676.54865,682.6
679.0608,676.72125,684.4
680.07715,678.2844,687.0
682.44244,680.80145,689.0
684.92206,682.9274,687.3
684.8645,681.69745,688.05
684.20764,682.00916,690.3
685.7057,684.1561,692.85
688.27966,686.20996,691.0
688.1467,685.3299,691.15
687.06696,685.1364,691.9
687.6241,685.64886,692.85
688.70276,686.3785,694.55
689.86176,687.7042,692.35
689.4122,686.4073,686.1
684.7484,681.05634,668.0
669.4378,665.3605,648.0
650.62787,645.1527,651.6
647.2284,645.61053,653.65
648.8452,650.0973,653.65
650.92365,651.1101,650.55
650.38135,648.20746,652.65
650.111,649.5347,648.95
649.8252,646.4593,649.4
648.60693,646.4609,650.35
648.0112,647.73175,650.0
647.8478,647.55133,649.25
647.47656,646.7641,644.6
646.12933,642.2511,647.75
645.5559,644.29834,646.0
645.6771,643.48566,645.25
645.3147,642.73694,645.5
644.8372,642.85876,646.3
644.89923,643.5283,648.05
645.39215,645.35706,647.25
645.45935,644.74084,646.75
645.0269,644.03094,646.1
644.5844,643.40466,633.7
641.9242,627.51715,632.9
638.7458,624.5994,630.4
637.23474,623.0552,592.0
621.4131,591.2009,607.95
596.4207,594.5744,611.9
601.3497,604.358,624.4
625.9223,618.0575,620.35
629.95544,617.7616,622.15
627.40564,617.6978,623.95
625.95465,619.1422,629.05
629.1162,622.5066,635.1
630.92236,629.3053,639.7
632.602,636.667,634.85
632.70264,629.46545,640.0
632.8643,635.0772,643.15
634.4187,640.35895,649.4
636.9314,646.8383,654.6
639.6609,652.00836,653.7
641.2332,651.30817,648.95
640.7763,646.3876,633.95
637.1302,627.2781,640.6
635.1426,633.15686,644.3
637.026,641.22943,642.4
638.7516,640.04236,622.0
634.6543,618.2016,610.9
617.05505,601.85864,607.4
602.7808,597.7932,610.95
605.2365,602.72284,607.6
610.0667,601.8968,606.7
608.8013,600.1892,605.2
605.9644,598.75684,600.9
603.1643,594.94055,601.85
601.3647,594.8633,600.0
600.00903,594.39594,596.65
597.2087,592.9116,595.05
593.829,591.88763,599.35
594.1661,593.40515,596.4
595.3373,592.8483,600.7
596.24365,593.9476,599.6
596.52747,594.1212,597.5
595.05145,593.1614,601.15
594.9395,594.282,598.35
595.17175,593.67163,596.45
593.4547,592.61816,591.7
589.532,590.3974,595.85
588.51306,591.6577,594.15
590.0273,591.6384,583.7
586.14246,585.0868,580.55
579.1227,581.45245,588.1
578.5048,585.9435,570.25
576.72614,573.7662,583.3
575.44745,579.46545,588.5
579.9522,587.30505,576.7
580.4259,578.72906,580.55
576.9247,578.7462,576.0
573.9957,576.20215,572.75
572.00946,572.6378,571.2
570.0752,570.7581,570.6
568.49554,569.8025,568.5
567.2013,567.92065,573.5
568.0171,571.24475,575.05
570.5541,573.6292,576.1
572.4015,574.6635,576.4
572.7701,575.117,579.95
573.80975,578.0191,578.55
574.94495,577.836,580.05
575.46564,578.9219,580.55
575.7348,580.1052,581.15
576.2042,580.82135,580.7
576.46497,580.60767,579.5
575.96387,579.2801,573.8
573.41626,574.2888,562.1
567.045,564.08136,551.7
557.66345,553.6351,568.0
555.05164,561.5673,575.25
563.69946,571.4372,568.7
568.34576,568.8876,565.15
564.36273,564.7229,565.1
560.9959,564.2021,570.1
562.6643,567.65295,567.05
565.77985,566.7804,564.1
564.6267,563.5354,560.45
560.28314,559.7241,563.75
558.2997,561.3962,561.75
559.12366,560.6619,564.3
560.56335,562.0399,559.7
559.8649,559.05225,560.1
558.28937,557.9594,558.05
557.15045,556.8427,556.35
556.1843,555.0334,555.1
554.8765,554.13617,553.4
553.21783,552.69434,553.95
552.13983,552.6515,550.25
550.97217,549.1309,548.85
549.2827,546.30084,550.95
548.4563,547.43445,552.75
549.31775,550.0202,547.7
549.1982,545.81683,540.75
545.8411,540.15436,509.25
534.12897,517.31244,528.95
520.6796,519.79205,531.75
517.8824,527.32007,527.15
521.5393,525.41595,539.95
524.55347,532.3624,531.45
526.46436,532.17084,531.0
527.2854,529.313,535.0
527.6935,531.3085,547.95
531.14056,537.56824,541.25
534.6006,539.5883,546.1
535.5472,539.9642,539.25
534.5196,538.42993,536.5
532.50946,534.9762,537.5
531.07086,534.4561,538.85
531.33374,535.1156,544.5
533.5659,537.994,542.25
535.50543,539.12585,539.75
535.82404,537.3829,535.65
534.48834,534.73425,552.1
536.26044,540.37463,556.5
542.61017,552.6849,550.2
545.74255,547.99664,550.7
544.76276,547.4446,549.95
543.3867,547.341,542.35
541.67065,541.6082,549.5
541.2677,542.5283,562.2
546.0018,555.8437,559.2
551.0085,557.2326,568.25
554.3522,564.29114,572.6
558.3075,570.3132,577.95
563.61444,575.27277,578.0
567.67487,576.6264,577.3
568.79816,576.2427,580.3
569.6058,578.8643,582.1
572.0919,581.7841,585.55
575.77875,584.411,586.1
578.299,585.33203,593.0
581.5731,589.6198,595.75
586.02,591.8517,595.3
588.29675,591.9154,600.55
590.1627,593.7322,599.75
592.0176,594.14185,615.55
599.76184,605.6726,613.8
607.39874,610.65375,595.15
598.0585,592.85156,589.5
584.21564,587.6499,593.5
580.159,589.9134,586.5
582.4094,587.18854,586.9
582.82166,585.9983,585.05
580.7577,585.076,540.0
565.68787,554.3298,542.85
546.8231,539.4052,535.25
531.9102,536.1816,535.0
527.88965,532.39264,534.25
529.03314,532.00446,528.45
528.31244,528.32947,520.25
526.1631,519.6475,527.25
524.0478,521.26715,527.1
523.7894,523.11554,531.3
525.23224,527.0109,530.45
525.9534,528.29236,535.6
526.4929,531.357,532.55
526.9621,531.43365,527.75
526.1382,526.8594,534.4
525.457,530.3053,532.85
525.86115,531.1641,530.15
525.9854,529.0601,530.15
525.3601,527.9142,529.9
524.708,527.47595,533.65
525.32477,530.43494,529.65
526.0572,528.7222,524.15
